id,img_name,audio_name,next_url,question_name,ans_path,ans_key
page1,page1.png,page1.wav,100_floor.page2,,,[]
page2,page2.png,page2.wav,100_floor.page3,,,[]
page3,page3.png,page3.wav,100_floor.page4,,,[]
page4,page4.png,page4.wav,100_floor.page5,question-page4.wav,static/audio/100/answer-page4.wav,"['运动', '老鼠']"
page5,page5.png,page5.wav,100_floor.page6,question-page5.wav,static/audio/100/answer-page5.wav,"['磨牙', '松鼠']"
page6,page6.png,page6.wav,100_floor.page7,,,[]
page7,page7.png,page7.wav,100_floor.page8,,,[]
page8,page8.png,page8.wav,100_floor.page9,,,[]
page9,page9.png,page9.wav,100_floor.page10,,,[]
page10,page10.png,page10.wav,100_floor.page11,,,[]
page11,page11.png,page11.wav,100_floor.page12,,,[]
page12,page12.png,page12.wav,100_floor.page13,,,[]
page13,page13.png,page13.wav,100_floor.page14,,,[]
page14,page14.png,page14.wav,100_floor.page15,,,[]
page15,page15.png,page15.wav,100_floor.page16,,,[]
page16,page16.png,page16.wav,100_floor.page17,,,[]
page17,page17.png,page17.wav,100_floor.page18,,,[]
page18,page18.png,page18.wav,100_floor.page19,,,[]
page19,page19.png,page19.wav,100_floor.page20,,,[]
page20,page20.png,page20.wav,100_floor.page21,,,[]
page21,page21.png,page21.wav,100_floor.page22,,,[]
page22,page22.png,page22.wav,100_floor.page23,,,[]
page23,page23.png,page23.wav,100_floor.page24,,,[]
page24,page24.png,page24.wav,100_floor.page25,,,[]
page25,page25.png,page25.wav,100_floor.page1,,,[]
